2025-06-13 10:40:01,DL002,PASS,Routine check successful
2025-06-13 10:10:01,DL003,PASS,Routine check successful
2025-06-13 09:40:01,DL003,PASS,Routine check successful
2025-06-13 09:10:01,DL001,FAIL,Data missing or outdated
2025-06-13 08:40:01,DL001,FAIL,Data missing or outdated
2025-06-13 08:10:01,DL001,FAIL,Data missing or outdated
2025-06-13 07:40:01,DL003,PASS,Routine check successful
2025-06-13 07:10:01,DL001,PASS,Routine check successful
2025-06-13 06:40:01,DL002,FAIL,Data missing or outdated
2025-06-13 06:10:01,DL003,FAIL,Data missing or outdated
2025-06-13 05:40:01,DL003,FAIL,Data missing or outdated
2025-06-13 05:10:01,DL001,PASS,Routine check successful
2025-06-13 04:40:01,DL001,FAIL,Data missing or outdated
2025-06-13 04:10:01,DL001,PASS,Routine check successful
2025-06-13 03:40:01,DL001,PASS,Routine check successful
2025-06-13 03:10:01,DL003,PASS,Routine check successful
2025-06-13 02:40:01,DL003,FAIL,Data missing or outdated
2025-06-13 02:10:01,DL001,FAIL,Data missing or outdated
2025-06-13 01:40:01,DL001,FAIL,Data missing or outdated
2025-06-13 01:10:01,DL003,FAIL,Data missing or outdated
2025-06-13 00:40:01,DL003,FAIL,Data missing or outdated
2025-06-13 00:10:01,DL003,FAIL,Data missing or outdated
2025-06-12 23:40:01,DL003,FAIL,Data missing or outdated
2025-06-12 23:10:01,DL003,FAIL,Data missing or outdated
2025-06-12 22:40:01,DL001,FAIL,Data missing or outdated
2025-06-12 22:10:01,DL001,FAIL,Data missing or outdated
2025-06-12 21:40:01,DL001,FAIL,Data missing or outdated
2025-06-12 21:10:01,DL003,FAIL,Data missing or outdated
2025-06-12 20:40:01,DL003,FAIL,Data missing or outdated
2025-06-12 20:10:01,DL003,PASS,Routine check successful
2025-06-12 19:40:01,DL001,PASS,Routine check successful
2025-06-12 19:10:01,DL002,FAIL,Data missing or outdated
2025-06-12 18:40:01,DL001,FAIL,Data missing or outdated
2025-06-12 18:10:01,DL001,FAIL,Data missing or outdated
2025-06-12 17:40:01,DL002,PASS,Routine check successful
2025-06-12 17:10:01,DL001,PASS,Routine check successful
2025-06-12 16:40:01,DL001,FAIL,Data missing or outdated
2025-06-12 16:10:01,DL003,PASS,Routine check successful
2025-06-12 15:40:01,DL002,FAIL,Data missing or outdated
2025-06-12 15:10:01,DL003,PASS,Routine check successful
2025-06-12 14:40:01,DL001,FAIL,Data missing or outdated
2025-06-12 14:10:01,DL002,FAIL,Data missing or outdated
2025-06-12 13:40:01,DL003,PASS,Routine check successful
2025-06-12 13:10:01,DL002,PASS,Routine check successful
2025-06-12 12:40:01,DL002,PASS,Routine check successful
2025-06-12 12:10:01,DL003,PASS,Routine check successful
2025-06-12 11:40:01,DL003,FAIL,Data missing or outdated
2025-06-12 11:10:01,DL001,FAIL,Data missing or outdated
2025-06-12 10:40:01,DL003,FAIL,Data missing or outdated
2025-06-12 10:10:01,DL003,PASS,Routine check successful
